condition,amino_acid,replicate,slope,R2,cell_line,dox_conc
E_0,Arg,2,-9.986891147206264e-11,0.972096152950684,E,0
E_0,Arg,3,-7.927037855937444e-11,0.9219000950743357,E,0
E_0,Asn,2,-8.063872694917415e-12,0.9677544310256868,E,0
E_0,Asn,3,-6.952471449662732e-12,0.9112971797982087,E,0
E_0,Cys,2,-1.2110247485240825e-11,0.7708777120262355,E,0
E_0,Cys,3,-1.9566311650297955e-11,0.8462970749531142,E,0
E_0,Glc,1,-2.5586536030998974e-9,0.9957044436121785,E,0
E_0,Glc,2,-2.5981911947332088e-9,0.9983427325356737,E,0
E_0,Glc,3,-2.617866509923336e-9,0.9894888841131112,E,0
E_0,Gln,3,-2.476893435616406e-10,0.9816263631925065,E,0
E_0,Glu,3,-4.93157365173928e-11,0.7918899748659896,E,0
E_0,Gly,2,-5.415788688486625e-11,0.9219005003645758,E,0
E_0,Gly,3,-2.910864424958491e-11,0.9483065112278376,E,0
E_0,Lac,1,2.0351566713148002e-10,0.9172594378257285,E,0
E_0,Lac,2,4.537876880897042e-10,0.9799171066790776,E,0
E_0,Lac,3,4.6081574578835646e-10,0.9148189082210773,E,0
E_0,Met,1,-1.2716004308948047e-11,0.98540684866197,E,0
E_0,Met,2,-1.8858793935629685e-11,0.9330434648820631,E,0
E_0,Met,3,-1.7695121037572652e-11,0.8857123813420144,E,0
E_0,Phe,1,-3.124488292171244e-11,0.9548680064846709,E,0
E_0,Pro,1,-1.6852315496089666e-11,0.8645632320928678,E,0
E_0,Pro,2,-3.056625620836939e-11,0.9797053060316577,E,0
E_0,Pro,3,-1.65013110040567e-11,0.8630220178120633,E,0
E_0,Ser,1,-3.504895028121337e-11,0.9841018458568781,E,0
E_0,Ser,2,-3.6157587688029644e-11,0.9950746445212256,E,0
E_0,Ser,3,-3.498705263246976e-11,0.9816307220080674,E,0
E_0,Thr,2,-7.877108381755532e-11,0.9256855102854189,E,0
E_0,Thr,3,-5.2644028745844936e-11,0.930433973289833,E,0
E_0,Trp,3,-5.6544459691765125e-12,0.9088759772491949,E,0
E_0,Tyr,2,-3.4724091807599774e-11,0.9669552406322295,E,0
E_0,Tyr,3,-2.7189494478841034e-11,0.8600070713163305,E,0
E_0,Val,2,-7.484068525731649e-11,0.9651262761556881,E,0
E_0,Val,3,-6.594179192611287e-11,0.9637246384720995,E,0
E_100,Arg,2,-1.0194387516261543e-10,0.9600181539898441,E,100
E_100,Arg,3,-1.0481808881232216e-10,0.9254241012685339,E,100
E_100,Asn,2,-8.823035008734787e-12,0.8377406948608954,E,100
E_100,Asn,3,-7.274847859086915e-12,0.9293947202086769,E,100
E_100,Cys,2,-9.90596267817412e-12,0.7599327037757091,E,100
E_100,Glc,1,-2.458225053101817e-9,0.9987128713170176,E,100
E_100,Glc,2,-2.907804886661266e-9,0.993021138681247,E,100
E_100,Glc,3,-2.7288391142934353e-9,0.9920293553214303,E,100
E_100,Gln,3,-2.7633598541025636e-10,0.9944833829038986,E,100
E_100,Gly,1,-2.2043694434612732e-11,0.8878180408342146,E,100
E_100,Gly,2,-3.864736130313826e-11,0.9782671014665002,E,100
E_100,Ile,2,-6.521713903086938e-11,0.8133266619418623,E,100
E_100,Ile,3,-4.9444415481081855e-11,0.8585445506690863,E,100
E_100,Lac,1,1.5205869776085705e-10,0.8376712812102081,E,100
E_100,Lac,3,3.1321671100099603e-10,0.816968511390458,E,100
E_100,Leu,3,-5.3102517945816564e-11,0.9599667654523921,E,100
E_100,Met,1,-1.9026256639402033e-11,0.9819955483632851,E,100
E_100,Met,2,-1.648658892499925e-11,0.9069685972828558,E,100
E_100,Met,3,-2.1673477055897436e-11,0.9577263123129778,E,100
E_100,Phe,1,-2.5934851510101284e-11,0.936090953393927,E,100
E_100,Pro,1,-1.3588285783003094e-11,0.9237405803666943,E,100
E_100,Pro,2,-2.206396145261479e-11,0.9365505224154319,E,100
E_100,Pro,3,-2.0825270483377348e-11,0.9649439243216344,E,100
E_100,Ser,1,-4.593185020401502e-11,0.9618484547249057,E,100
E_100,Ser,2,-3.93717455887397e-11,0.9700559067773123,E,100
E_100,Ser,3,-4.255786571902853e-11,0.9640315442054713,E,100
E_100,Thr,1,-4.6685567714820556e-11,0.8084093731096847,E,100
E_100,Thr,2,-8.144931254233454e-11,0.9884256103824006,E,100
E_100,Thr,3,-6.386154467919584e-11,0.9848971783727815,E,100
E_100,Trp,3,-6.772172775574876e-12,0.9805983887919747,E,100
E_100,Tyr,2,-3.6068664116786983e-11,0.9846620452392412,E,100
E_100,Tyr,3,-3.284243818247957e-11,0.997622212316779,E,100
E_100,Val,2,-7.60000469858593e-11,0.9091117861998633,E,100
E_100,Val,3,-6.657528523900718e-11,0.9863723426165782,E,100
E_1000,Arg,2,-8.569717513649246e-11,0.9461623303085189,E,1000
E_1000,Arg,3,-9.428505314512122e-11,0.976169749053616,E,1000
E_1000,Asn,2,-7.4867919353716592e-12,0.9455156756667742,E,1000
E_1000,Asn,3,-6.727504459499954e-12,0.9420872436773221,E,1000
E_1000,Cys,2,-1.0290306355224899e-11,0.8891250776598891,E,1000
E_1000,Cys,3,-1.2847788512472734e-11,0.8736533977649976,E,1000
E_1000,Glc,1,-2.5192644751173927e-9,0.9968305160876477,E,1000
E_1000,Glc,2,-2.55716111490274e-9,0.9923960228594939,E,1000
E_1000,Glc,3,-2.6185852342381705e-9,0.9865299487700334,E,1000
E_1000,Gln,3,-2.9044483854913294e-10,0.9928001142357757,E,1000
E_1000,Glu,1,-3.0755620567839965e-11,0.7180653885980093,E,1000
E_1000,Glu,3,-6.530639856644119e-11,0.7807569795783805,E,1000
E_1000,Gly,3,-4.2200539147346356e-11,0.8877233980714002,E,1000
E_1000,Ile,2,-6.112301710763718e-11,0.7951435201818882,E,1000
E_1000,Ile,3,-7.288927845196158e-11,0.8923630506621792,E,1000
E_1000,Lac,2,2.445843248098865e-10,0.8302368109978671,E,1000
E_1000,Lac,3,3.6895923751849136e-10,0.9359581941369661,E,1000
E_1000,Leu,2,-5.882804515092036e-11,0.8204123519111126,E,1000
E_1000,Leu,3,-5.531404619536732e-11,0.7220014273913072,E,1000
E_1000,Met,1,-1.64753836607637e-11,0.993267363617383,E,1000
E_1000,Met,2,-1.3785721155023605e-11,0.915776816709595,E,1000
E_1000,Met,3,-2.1746930564134503e-11,0.9730322714029921,E,1000
E_1000,Phe,1,-2.6743124688418102e-11,0.9200355713613746,E,1000
E_1000,Pro,1,-2.0892602257571084e-11,0.8385949575997002,E,1000
E_1000,Pro,2,-2.285364584531057e-11,0.8609116650440237,E,1000
E_1000,Pro,3,-2.1059053788099213e-11,0.9719752823622739,E,1000
E_1000,Ser,1,-3.529572779701215e-11,0.9775138095187996,E,1000
E_1000,Ser,2,-3.003324344603557e-11,0.9560827162926538,E,1000
E_1000,Ser,3,-4.421597625484305e-11,0.9960626547907101,E,1000
E_1000,Thr,2,-4.80481791111601e-11,0.7030383172584498,E,1000
E_1000,Thr,3,-6.992248054823473e-11,0.9709441277490015,E,1000
E_1000,Trp,3,-4.6734946832973885e-12,0.857584248670747,E,1000
E_1000,Tyr,2,-3.675197795197604e-11,0.8764218474684164,E,1000
E_1000,Tyr,3,-2.8858619008021764e-11,0.9517656886497462,E,1000
E_1000,Val,2,-6.44344816701367e-11,0.861403015981754,E,1000
E_1000,Val,3,-6.748559284639763e-11,0.988959450406812,E,1000
M_0,Arg,2,-8.441800604461361e-11,0.9645498306532309,M,0
M_0,Arg,3,-9.831998106982782e-11,0.9341691236250927,M,0
M_0,Asn,2,-6.867043932228422e-12,0.8486058569581554,M,0
M_0,Asn,3,-6.343110397729305e-12,0.9867707362362547,M,0
M_0,Glc,1,-2.537241890476588e-9,0.9982427915949251,M,0
M_0,Glc,2,-2.627744885472386e-9,0.9975324311268482,M,0
M_0,Glc,3,-2.625400590380863e-9,0.9962691954437706,M,0
M_0,Glu,1,-1.2610389898140951e-11,0.8395926345773715,M,0
M_0,Gly,1,-5.421676683941457e-11,0.8898816362623841,M,0
M_0,Gly,2,-4.0784553694541295e-11,0.9970637412646709,M,0
M_0,Ile,2,-5.970386290521872e-11,0.807828621096295,M,0
M_0,Lac,1,2.892361545108055e-10,0.9612216309808307,M,0
M_0,Lac,2,4.383293350168342e-10,0.962117779921754,M,0
M_0,Lac,3,2.9263025480711223e-10,0.8907826447354705,M,0
M_0,Leu,2,-5.947328445125383e-11,0.9406874191158989,M,0
M_0,Leu,3,-6.301467767686064e-11,0.8485614130071546,M,0
M_0,Met,1,-1.9168035095440784e-11,0.9710397540322648,M,0
M_0,Met,2,-1.7016201863014992e-11,0.9465051915927578,M,0
M_0,Met,3,-1.5039332469870644e-11,0.97692252008259,M,0
M_0,Phe,1,-3.277870208183594e-11,0.9812243042199658,M,0
M_0,Pro,1,-2.3231058922792743e-11,0.9303556938939596,M,0
M_0,Pro,2,-1.6488508420602052e-11,0.9092802779037418,M,0
M_0,Pro,3,-2.5315294751000086e-11,0.9945418468658076,M,0
M_0,Ser,1,-4.3450337543662167e-11,0.898427781038117,M,0
M_0,Ser,2,-3.555970863061465e-11,0.998630646213273,M,0
M_0,Ser,3,-4.8475204137778053e-11,0.9580047603850479,M,0
M_0,Thr,1,-7.864032757296389e-11,0.8853111897249183,M,0
M_0,Thr,2,-5.773979871108739e-11,0.9539668359476989,M,0
M_0,Thr,3,-7.10086847157889e-11,0.9752161605545981,M,0
M_0,Trp,3,-5.046092707205322e-12,0.8787279703634967,M,0
M_0,Tyr,2,-3.2455686459190035e-11,0.9717682079259652,M,0
M_0,Tyr,3,-3.244361793582211e-11,0.8802327825272342,M,0
M_0,Val,2,-7.48666640674824e-11,0.990211405630124,M,0
M_0,Val,3,-7.377982980592643e-11,0.9471553206003659,M,0
M_100,Arg,2,-8.160281159492593e-11,0.885861873151723,M,100
M_100,Arg,3,-8.134978665196074e-11,0.9975288833214617,M,100
M_100,Asn,2,-5.11667200053688e-12,0.7055492530434,M,100
M_100,Asn,3,-7.861096629129833e-12,0.9660828088048454,M,100
M_100,Glc,1,-2.4845854155692586e-9,0.9980319996229111,M,100
M_100,Glc,2,-2.658855049255829e-9,0.9988943281103295,M,100
M_100,Glc,3,-2.7274692876046283e-9,0.9936511507139579,M,100
M_100,Gln,3,-2.574286381975713e-10,0.9859708642312066,M,100
M_100,Gly,1,-3.375880987477322e-11,0.9412955131891187,M,100
M_100,Gly,3,-2.958739381864239e-11,0.8147839874286782,M,100
M_100,Ile,3,-6.372962233818479e-11,0.8950320305143871,M,100
M_100,Lac,1,2.797705308248996e-10,0.9628712882104421,M,100
M_100,Lac,2,4.5453393121333227e-10,0.9351312234041212,M,100
M_100,Lac,3,2.9427860442573734e-10,0.92918300882067,M,100
M_100,Leu,3,-5.3743787998343806e-11,0.8901434895589664,M,100
M_100,Met,1,-1.7290002593266883e-11,0.9565684971373908,M,100
M_100,Met,2,-1.3677601953084552e-11,0.9722562726735496,M,100
M_100,Met,3,-1.4285996783667922e-11,0.9203859861316761,M,100
M_100,Phe,1,-3.5195863161351364e-11,0.999082169907272,M,100
M_100,Pro,1,-2.265749825076535e-11,0.9600556364545071,M,100
M_100,Pro,2,-1.8853465391227716e-11,0.8435936768249855,M,100
M_100,Pro,3,-2.106382172263007e-11,0.8957216916130568,M,100
M_100,Ser,1,-4.5679633119864454e-11,0.9777606334751043,M,100
M_100,Ser,2,-3.847398960617366e-11,0.983549757004995,M,100
M_100,Ser,3,-4.822888085964966e-11,0.9879414904667747,M,100
M_100,Thr,1,-6.458315110516595e-11,0.8793163609815349,M,100
M_100,Thr,2,-4.951061607701205e-11,0.7617367591477741,M,100
M_100,Thr,3,-6.799965462984323e-11,0.9330399539240815,M,100
M_100,Trp,3,-6.482842403532885e-12,0.9728056066073281,M,100
M_100,Tyr,2,-2.706444054034442e-11,0.8878875915210463,M,100
M_100,Tyr,3,-3.5821650806391794e-11,0.9715323303778792,M,100
M_100,Val,2,-7.244252694333664e-11,0.8206462433002816,M,100
M_100,Val,3,-7.22778242405535e-11,0.9765553275585925,M,100
M_1000,Arg,2,-1.2253145872572253e-10,0.9542415380073677,M,1000
M_1000,Arg,3,-1.05248826375203e-10,0.9454416236771183,M,1000
M_1000,Asn,2,-7.898445246067266e-12,0.9878845001270775,M,1000
M_1000,Asn,3,-8.195373237501562e-12,0.9808346360771624,M,1000
M_1000,Cys,3,-1.4879980522315862e-11,0.704458415901084,M,1000
M_1000,Glc,1,-2.607847447873218e-9,0.9953731730960673,M,1000
M_1000,Glc,2,-2.62398851496091e-9,0.9997413644466572,M,1000
M_1000,Glc,3,-2.6034368856479785e-9,0.997259609475661,M,1000
M_1000,Gln,3,-3.3368784850231614e-10,0.9910303051257053,M,1000
M_1000,Glu,1,-1.214283439465927e-11,0.8478326826741241,M,1000
M_1000,Glu,3,-5.869532283947438e-11,0.945341209553022,M,1000
M_1000,Gly,1,-3.4840526137556245e-11,0.8814871199866741,M,1000
M_1000,Gly,3,-4.784346395034712e-11,0.9565129407336985,M,1000
M_1000,Ile,3,-6.415555061660781e-11,0.9737994697391792,M,1000
M_1000,Lac,1,3.8208940974273337e-10,0.90378051526153,M,1000
M_1000,Lac,2,5.304750215054129e-10,0.9672904649296115,M,1000
M_1000,Lac,3,3.9914410895936816e-10,0.8572707168773649,M,1000
M_1000,Leu,3,-6.915024577301907e-11,0.9427225826669745,M,1000
M_1000,Met,1,-1.8646388075866744e-11,0.989670416976952,M,1000
M_1000,Met,2,-1.719885646714775e-11,0.8542096622882676,M,1000
M_1000,Met,3,-1.433748032268337e-11,0.956824261731828,M,1000
M_1000,Phe,1,-3.296197247121971e-11,0.9313837584426526,M,1000
M_1000,Pro,1,-2.029213407606033e-11,0.9347522396435379,M,1000
M_1000,Pro,2,-1.4696751021746595e-11,0.9187619918716576,M,1000
M_1000,Pro,3,-2.3930753385759566e-11,0.9875510735581915,M,1000
M_1000,Ser,1,-3.996052622402512e-11,0.9738000100740244,M,1000
M_1000,Ser,2,-3.6613935791447625e-11,0.9625612372325775,M,1000
M_1000,Ser,3,-5.0810191147313523e-11,0.9311981836044946,M,1000
M_1000,Thr,1,-5.326252509236468e-11,0.8665582926065921,M,1000
M_1000,Thr,2,-5.900999614328629e-11,0.9491498912430247,M,1000
M_1000,Thr,3,-7.266769289587463e-11,0.920021822235431,M,1000
M_1000,Trp,3,-7.1263141003128355e-12,0.9450351038377396,M,1000
M_1000,Tyr,2,-3.110154506127893e-11,0.9090562610869727,M,1000
M_1000,Tyr,3,-3.6254537015902605e-11,0.9814508127085458,M,1000
M_1000,Val,2,-5.781944544624875e-11,0.9746588638094386,M,1000
M_1000,Val,3,-5.671044191692843e-11,0.9646379068154405,M,1000
TM_0,Arg,2,-1.063361509563534e-10,0.7523440912239533,TM,0
TM_0,Arg,3,-1.195321432547556e-10,0.8741420978398899,TM,0
TM_0,Asn,2,-8.994635963175252e-12,0.8710196908325247,TM,0
TM_0,Asn,3,-7.794036685530707e-12,0.8477891964840666,TM,0
TM_0,Cys,2,-1.194326001893776e-11,0.895663402292182,TM,0
TM_0,Cys,3,-1.4437280137256112e-11,0.8149540433269937,TM,0
TM_0,Glc,1,-2.5230869119903495e-9,0.9961414131710292,TM,0
TM_0,Glc,2,-2.502954420491579e-9,0.9938061694149011,TM,0
TM_0,Glc,3,-2.5928843145449466e-9,0.9967471895522619,TM,0
TM_0,Gln,1,-3.711892674750102e-10,0.9324714625874693,TM,0
TM_0,Gln,3,-2.9632537408316823e-10,0.9886193099135998,TM,0
TM_0,Glu,1,-1.0222592902506888e-11,0.9468074855552281,TM,0
TM_0,Glu,3,-5.94875010839909e-11,0.9713926231406328,TM,0
TM_0,Gly,1,-5.6895170288176124e-11,0.8091052867272621,TM,0
TM_0,Gly,2,-4.6979470062569925e-11,0.9788777759696868,TM,0
TM_0,Gly,3,-4.216517705941009e-11,0.9305332932579399,TM,0
TM_0,Ile,1,-5.391913702605787e-11,0.9062291296853339,TM,0
TM_0,Ile,2,-8.584695842770925e-11,0.762645893457917,TM,0
TM_0,Ile,3,-6.260596148927421e-11,0.9604504572578231,TM,0
TM_0,Lac,1,1.7983415354434838e-10,0.9081820236438689,TM,0
TM_0,Lac,2,3.694607613711521e-10,0.9662601408857318,TM,0
TM_0,Lac,3,3.8153104279231686e-10,0.9088628605754365,TM,0
TM_0,Leu,1,-7.719166911844375e-11,0.9740734482367664,TM,0
TM_0,Leu,2,-8.1380166508646e-11,0.841185695345406,TM,0
TM_0,Leu,3,-5.714724334087575e-11,0.9653969254566444,TM,0
TM_0,Met,1,-1.618134205935402e-11,0.9317244116944355,TM,0
TM_0,Met,2,-2.2164913506994756e-11,0.9186840018527448,TM,0
TM_0,Met,3,-1.6280854397240784e-11,0.9373141842559909,TM,0
TM_0,Phe,1,-3.497440337557265e-11,0.9682224976610968,TM,0
TM_0,Pro,1,-2.041815584581803e-11,0.9867223300554069,TM,0
TM_0,Pro,2,-2.091699196137781e-11,0.8609407729105983,TM,0
TM_0,Pro,3,-1.9846590146548045e-11,0.9822835774303015,TM,0
TM_0,Ser,1,-2.606808341485132e-11,0.8552968506744085,TM,0
TM_0,Ser,2,-5.0202600608988106e-11,0.968610021585486,TM,0
TM_0,Ser,3,-5.203863485641183e-11,0.9727149046393616,TM,0
TM_0,Thr,1,-7.03327469557502e-11,0.9193184505361911,TM,0
TM_0,Thr,2,-5.928319520672953e-11,0.9608830681296164,TM,0
TM_0,Trp,3,-7.71118082872744e-12,0.9665297685820461,TM,0
TM_0,Tyr,1,-3.434135298703598e-11,0.9772546112588738,TM,0
TM_0,Tyr,2,-3.317997779685218e-11,0.9014878079335472,TM,0
TM_0,Tyr,3,-3.738891453483066e-11,0.9758156067410294,TM,0
TM_0,Val,2,-9.360020721010828e-11,0.9238106173605688,TM,0
TM_0,Val,3,-7.461199446860675e-11,0.9516922732489315,TM,0
TM_100,Arg,2,-1.3909268986859763e-10,0.9273580547520327,TM,100
TM_100,Arg,3,-1.0074261860172305e-10,0.9891357304091348,TM,100
TM_100,Asn,2,-9.682504431292088e-12,0.9501269998913159,TM,100
TM_100,Asn,3,-9.742699923848374e-12,0.9167389920333562,TM,100
TM_100,Glc,1,-2.6187330866747625e-9,0.9954438440585955,TM,100
TM_100,Glc,2,-2.6080870442380833e-9,0.9941354042906422,TM,100
TM_100,Glc,3,-2.613663221421018e-9,0.9953896532063508,TM,100
TM_100,Gln,1,-2.9341646790098727e-10,0.859736337015382,TM,100
TM_100,Gln,3,-3.148536800560856e-10,0.9842959312309008,TM,100
TM_100,Glu,3,-8.376100176156845e-11,0.9614347476768089,TM,100
TM_100,Gly,2,-4.2512377337635945e-11,0.9589015904587153,TM,100
TM_100,Gly,3,-4.5739034237002574e-11,0.9496550649708314,TM,100
TM_100,Ile,1,-6.080341705960218e-11,0.9044913766271134,TM,100
TM_100,Ile,2,-6.829394867317063e-11,0.9245693555718635,TM,100
TM_100,Ile,3,-7.25963831397239e-11,0.9174419002619872,TM,100
TM_100,Lac,1,2.1687375301579159e-10,0.7658747470796491,TM,100
TM_100,Lac,2,4.1403049387460516e-10,0.9770348902759727,TM,100
TM_100,Lac,3,4.641337701278402e-10,0.8799885139100059,TM,100
TM_100,Leu,1,-6.574010315207655e-11,0.94884592947503,TM,100
TM_100,Leu,2,-7.344311770492124e-11,0.9768492443620564,TM,100
TM_100,Leu,3,-5.692350231398844e-11,0.9808934144800122,TM,100
TM_100,Met,1,-1.544733645782585e-11,0.9076897335300518,TM,100
TM_100,Met,2,-2.1025303069964494e-11,0.9011785932463743,TM,100
TM_100,Met,3,-1.6336723447832372e-11,0.980626726566276,TM,100
TM_100,Phe,1,-3.3403862987106835e-11,0.9337601820850265,TM,100
TM_100,Pro,1,-1.867573166986034e-11,0.9624574655838384,TM,100
TM_100,Pro,2,-1.7665238853682642e-11,0.8342479714242576,TM,100
TM_100,Pro,3,-1.5245251110672088e-11,0.795809978388266,TM,100
TM_100,Ser,1,-3.721185422731514e-11,0.9540776582669236,TM,100
TM_100,Ser,2,-3.7204660605179424e-11,0.9798394800006772,TM,100
TM_100,Ser,3,-4.3512189744930946e-11,0.9800766139849847,TM,100
TM_100,Thr,1,-3.931632401831561e-11,0.7104647028935941,TM,100
TM_100,Thr,2,-7.458389356975458e-11,0.9685563987345294,TM,100
TM_100,Thr,3,-3.9577917528628085e-11,0.7440667841584423,TM,100
TM_100,Trp,3,-5.107933317500522e-12,0.8971856632007013,TM,100
TM_100,Tyr,1,-3.4418660213172675e-11,0.9703213805351426,TM,100
TM_100,Tyr,2,-4.491533338844305e-11,0.996028116109929,TM,100
TM_100,Tyr,3,-3.370374587089909e-11,0.9847642910737887,TM,100
TM_100,Val,2,-7.098681720011755e-11,0.9394160375167602,TM,100
TM_100,Val,3,-7.488236519140318e-11,0.9716488692260122,TM,100
TM_1000,Arg,2,-1.2279503003886112e-10,0.9348477137552753,TM,1000
TM_1000,Arg,3,-8.218680685061953e-11,0.8877833407709494,TM,1000
TM_1000,Asn,2,-1.0463050515045653e-11,0.9921573922103258,TM,1000
TM_1000,Asn,3,-4.723890665561736e-12,0.7679124177987215,TM,1000
TM_1000,Cys,2,-1.0022266565830222e-11,0.7424532976137568,TM,1000
TM_1000,Cys,3,-8.108535992325139e-12,0.7439213287845843,TM,1000
TM_1000,Glc,1,-2.6146027396088803e-9,0.9977780573842681,TM,1000
TM_1000,Glc,2,-2.582056998331389e-9,0.9964391154516749,TM,1000
TM_1000,Glc,3,-2.6647166948786445e-9,0.9947039257876112,TM,1000
TM_1000,Gln,1,-4.299453300245296e-10,0.8555334497171955,TM,1000
TM_1000,Gln,3,-2.4081579546720483e-10,0.9895361150287856,TM,1000
TM_1000,Glu,1,-1.001996989815294e-11,0.9075115957572257,TM,1000
TM_1000,Glu,3,-6.422479857409526e-11,0.9049960765586152,TM,1000
TM_1000,Gly,1,-2.8127684434214395e-11,0.9476870971719515,TM,1000
TM_1000,Gly,2,-4.523340101654143e-11,0.9883710740935464,TM,1000
TM_1000,Gly,3,-3.538598698725349e-11,0.904569341449109,TM,1000
TM_1000,Ile,1,-5.453078633105528e-11,0.9657414358981415,TM,1000
TM_1000,Ile,2,-7.234418899469147e-11,0.906477393695639,TM,1000
TM_1000,Ile,3,-4.606026426732868e-11,0.8772349319490377,TM,1000
TM_1000,Lac,1,2.865690674979605e-10,0.8782405207907384,TM,1000
TM_1000,Lac,2,4.840075452507427e-10,0.9652910394448724,TM,1000
TM_1000,Lac,3,4.736502071092307e-10,0.9289725279021631,TM,1000
TM_1000,Leu,1,-6.822097861984802e-11,0.9345286944710437,TM,1000
TM_1000,Leu,2,-8.261313180598259e-11,0.9544015636658062,TM,1000
TM_1000,Leu,3,-5.083539991033314e-11,0.7587531409839423,TM,1000
TM_1000,Met,1,-1.4970200825930636e-11,0.8848636147383346,TM,1000
TM_1000,Met,2,-2.3604598761944522e-11,0.9540302615127373,TM,1000
TM_1000,Met,3,-1.0438324087261847e-11,0.7114961121004353,TM,1000
TM_1000,Phe,1,-2.7582149455900016e-11,0.9773732612094934,TM,1000
TM_1000,Pro,1,-1.9730245498152682e-11,0.9990126309457726,TM,1000
TM_1000,Pro,2,-1.9602284054060446e-11,0.9041040572618654,TM,1000
TM_1000,Pro,3,-1.4134038785894841e-11,0.730006428921584,TM,1000
TM_1000,Ser,1,-3.703737554939929e-11,0.9706677359206118,TM,1000
TM_1000,Ser,2,-3.8364791981876244e-11,0.9610453511406113,TM,1000
TM_1000,Ser,3,-3.543356276877655e-11,0.9417698510240782,TM,1000
TM_1000,Thr,1,-4.199645760157229e-11,0.7327269590241706,TM,1000
TM_1000,Thr,2,-7.678149994628057e-11,0.9656227039242853,TM,1000
TM_1000,Thr,3,-5.7635105470759834e-11,0.9583696195951829,TM,1000
TM_1000,Trp,3,-5.8689823864801324e-12,0.9012553978958013,TM,1000
TM_1000,Tyr,1,-3.240480414388892e-11,0.9184924286122664,TM,1000
TM_1000,Tyr,2,-3.600409816106699e-11,0.9800829391631237,TM,1000
TM_1000,Val,2,-8.173560050611475e-11,0.9562584396765812,TM,1000
TM_1000,Val,3,-6.512260906670871e-11,0.9788919382517604,TM,1000
T_0,Arg,2,-1.0677016035456214e-10,0.9626522063929873,T,0
T_0,Arg,3,-1.0270877647682285e-10,0.9593967072790729,T,0
T_0,Asn,2,-9.568191190014735e-12,0.9627728996851034,T,0
T_0,Asn,3,-8.263567964441795e-12,0.9814483053270684,T,0
T_0,Cys,2,-1.565060594918679e-11,0.953085260223662,T,0
T_0,Cys,3,-1.23115196334759e-11,0.7978177794736786,T,0
T_0,Glc,1,-2.5474276050650434e-9,0.9967288668218223,T,0
T_0,Glc,2,-2.637793198035122e-9,0.9982239161394101,T,0
T_0,Glc,3,-2.6430237496343463e-9,0.9949406055393762,T,0
T_0,Gln,1,-3.555841973478911e-10,0.9599068274275986,T,0
T_0,Glu,1,-7.292870527029426e-12,0.7968373043945671,T,0
T_0,Glu,3,-6.622622438855979e-11,0.9465216092446195,T,0
T_0,Gly,1,-3.236962439222972e-11,0.7714089679411452,T,0
T_0,Gly,2,-4.569414858666745e-11,0.9414565057864498,T,0
T_0,Gly,3,-5.177877562234085e-11,0.9740316337774223,T,0
T_0,Ile,1,-5.2342736298814976e-11,0.9849625567536372,T,0
T_0,Ile,2,-5.2177154420683535e-11,0.9499999882095262,T,0
T_0,Ile,3,-3.422449651055028e-11,0.8008535909092114,T,0
T_0,Lac,1,3.2081107231196305e-10,0.7845640064145174,T,0
T_0,Lac,2,4.731900964299283e-10,0.8566720064354659,T,0
T_0,Lac,3,4.66907359231519e-10,0.8473246741287005,T,0
T_0,Leu,1,-5.719491061723229e-11,0.8612047100144858,T,0
T_0,Leu,2,-4.8746216485842813e-11,0.9705472829476902,T,0
T_0,Met,1,-1.636819847907637e-11,0.9012180276296571,T,0
T_0,Met,2,-1.738147112726415e-11,0.9549344351170505,T,0
T_0,Met,3,-1.9186867352139997e-11,0.9795957865583533,T,0
T_0,Phe,1,-3.2611132539343795e-11,0.9577187059452587,T,0
T_0,Pro,1,-1.4409065732606323e-11,0.7004816901098837,T,0
T_0,Pro,2,-2.317897424865334e-11,0.9829634543032832,T,0
T_0,Pro,3,-2.132977959269251e-11,0.9305295740690062,T,0
T_0,Ser,1,-3.339539106025092e-11,0.9697065499994358,T,0
T_0,Ser,2,-3.8669899117941616e-11,0.9629223795596025,T,0
T_0,Ser,3,-4.733402234086433e-11,0.9875425316126087,T,0
T_0,Thr,1,-3.9803941114580995e-11,0.8061939580793878,T,0
T_0,Thr,2,-7.698949797567212e-11,0.9554762528443258,T,0
T_0,Thr,3,-6.92099028414346e-11,0.9484008737647531,T,0
T_0,Trp,3,-7.2206253015811576e-12,0.9052036064248081,T,0
T_0,Tyr,1,-3.028878464653062e-11,0.9550788258912316,T,0
T_0,Tyr,2,-3.108439925310891e-11,0.9700569556799644,T,0
T_0,Tyr,3,-3.137996165203232e-11,0.9974561316044784,T,0
T_0,Val,2,-7.44608472170232e-11,0.9583901072427577,T,0
T_0,Val,3,-6.774372934041839e-11,0.9432739225007312,T,0
T_100,Arg,2,-1.3041666418178813e-10,0.9672441374502514,T,100
T_100,Arg,3,-1.0029126204480146e-10,0.9876520883942747,T,100
T_100,Asn,3,-1.1291894164066606e-11,0.8808880082441567,T,100
T_100,Cys,3,-1.5987203498115636e-11,0.9152701573998397,T,100
T_100,Glc,1,-2.590644983926532e-9,0.9950978360907532,T,100
T_100,Glc,2,-2.49472482732875e-9,0.9882931448030607,T,100
T_100,Glc,3,-2.631815291482122e-9,0.995419022762671,T,100
T_100,Gln,1,-3.3794663636064284e-10,0.8436737558394743,T,100
T_100,Gln,3,-2.880627673640862e-10,0.9734732250274343,T,100
T_100,Glu,1,-9.365049945324075e-12,0.8062239947057356,T,100
T_100,Glu,3,-4.6457230720821876e-11,0.9486321201509087,T,100
T_100,Gly,1,-4.433657961295014e-11,0.9162385390166394,T,100
T_100,Gly,2,-3.2749527531498054e-11,0.9257883974643493,T,100
T_100,Gly,3,-4.6128122859115557e-11,0.9835354248125159,T,100
T_100,Ile,1,-7.507089624472696e-11,0.9782650319602195,T,100
T_100,Lac,1,2.2835046139722756e-10,0.8812271954826859,T,100
T_100,Lac,2,4.402289194748633e-10,0.8899691191479172,T,100
T_100,Lac,3,3.5970034711570384e-10,0.9067120137716352,T,100
T_100,Leu,1,-8.558778619833545e-11,0.9571851933489687,T,100
T_100,Leu,2,-5.869011109461948e-11,0.8239054561462597,T,100
T_100,Met,1,-1.406103596537734e-11,0.9086741377397035,T,100
T_100,Met,2,-1.9234429654088163e-11,0.9423781358408896,T,100
T_100,Met,3,-1.6215751138213182e-11,0.9449552049894614,T,100
T_100,Phe,1,-2.8428191190890614e-11,0.9327844286793577,T,100
T_100,Pro,1,-1.6096086337107355e-11,0.8587924274050727,T,100
T_100,Pro,3,-1.7829695106549364e-11,0.9609840897496802,T,100
T_100,Ser,1,-4.474862027864625e-11,0.956524226950032,T,100
T_100,Ser,2,-4.106412528942909e-11,0.9551505822224381,T,100
T_100,Ser,3,-4.430396003967841e-11,0.9661196569827624,T,100
T_100,Thr,1,-6.308671042047012e-11,0.7214681123573852,T,100
T_100,Thr,2,-8.678214188826618e-11,0.9121126634480117,T,100
T_100,Thr,3,-5.2195472612820164e-11,0.8492369033756004,T,100
T_100,Trp,3,-6.1392574952004085e-12,0.9550773983195673,T,100
T_100,Tyr,1,-3.950511810648489e-11,0.984012978841686,T,100
T_100,Tyr,2,-4.88003704945083e-11,0.9216440677470137,T,100
T_100,Tyr,3,-3.4433400305433426e-11,0.9833776765124168,T,100
T_100,Val,2,-7.649766758999067e-11,0.9306410195324173,T,100
T_100,Val,3,-7.461418876929485e-11,0.9657476543379319,T,100
T_1000,Arg,2,-1.1307546758607328e-10,0.9626048197570249,T,1000
T_1000,Arg,3,-1.0078112832745791e-10,0.9095205587818032,T,1000
T_1000,Asn,2,-7.284862134688418e-12,0.8990211716276759,T,1000
T_1000,Asn,3,-7.891457420652765e-12,0.9913101508955022,T,1000
T_1000,Cys,3,-9.539265186073388e-12,0.8411463882307,T,1000
T_1000,Glc,1,-2.573210063965267e-9,0.9958520413306068,T,1000
T_1000,Glc,2,-2.601001245568842e-9,0.9938991589417341,T,1000
T_1000,Glc,3,-2.622838264059837e-9,0.9937428331485835,T,1000
T_1000,Gln,1,-3.8178225420977535e-10,0.7691562056449659,T,1000
T_1000,Gln,3,-3.1566813554567437e-10,0.9852818510680993,T,1000
T_1000,Glu,1,-5.675464485780802e-12,0.7093046502296607,T,1000
T_1000,Glu,3,-5.722564028488935e-11,0.7828220414646531,T,1000
T_1000,Gly,1,-4.211454838260847e-11,0.9014116632341779,T,1000
T_1000,Gly,2,-5.350833263586621e-11,0.7511614871398653,T,1000
T_1000,Gly,3,-3.246031928171645e-11,0.9225468103728759,T,1000
T_1000,Ile,1,-5.881553607216596e-11,0.9816493292101621,T,1000
T_1000,Ile,2,-7.381514998366541e-11,0.9075779609934046,T,1000
T_1000,Ile,3,-4.407810113284352e-11,0.8345450676648384,T,1000
T_1000,Lac,1,2.4013875170626564e-10,0.787010365677438,T,1000
T_1000,Lac,2,3.531128540925683e-10,0.9825928140643226,T,1000
T_1000,Lac,3,3.3278265601258513e-10,0.9767083600913429,T,1000
T_1000,Leu,1,-7.663914071131466e-11,0.9542691797657897,T,1000
T_1000,Leu,2,-7.534908911373502e-11,0.9047147898660591,T,1000
T_1000,Leu,3,-4.228645118756096e-11,0.9157762012854791,T,1000
T_1000,Met,1,-1.6767941915322162e-11,0.8542368076393666,T,1000
T_1000,Met,2,-2.0356652303151533e-11,0.9849479388445619,T,1000
T_1000,Met,3,-1.870757926824181e-11,0.9755319229556079,T,1000
T_1000,Phe,1,-2.8072933226456525e-11,0.9102424031556015,T,1000
T_1000,Pro,1,-1.6940672277133166e-11,0.9672959384659663,T,1000
T_1000,Pro,2,-2.5821187832041896e-11,0.9173722795042801,T,1000
T_1000,Pro,3,-1.9656776149219696e-11,0.9250108012583912,T,1000
T_1000,Ser,1,-4.859992094263642e-11,0.9648712285149253,T,1000
T_1000,Ser,2,-4.5592210911062915e-11,0.97722042468603,T,1000
T_1000,Ser,3,-3.756863027775521e-11,0.9619865538131483,T,1000
T_1000,Thr,1,-7.17291430106464e-11,0.9479342728175043,T,1000
T_1000,Thr,2,-7.612601998716892e-11,0.9528989833118194,T,1000
T_1000,Thr,3,-7.005257805035047e-11,0.9220259784044328,T,1000
T_1000,Trp,3,-7.1806759626486204e-12,0.9231754388084803,T,1000
T_1000,Tyr,1,-2.950931712896532e-11,0.9602607363784073,T,1000
T_1000,Tyr,2,-3.779553365616202e-11,0.9982946863965073,T,1000
T_1000,Tyr,3,-2.8701744059334124e-11,0.9956802891875232,T,1000
T_1000,Val,2,-8.001357854393676e-11,0.9901015022013083,T,1000
T_1000,Val,3,-7.295699919306848e-11,0.9681489225421506,T,1000
